prompt,response
What products or services does your company offer?,Our company specializes in providing innovative software solutions tailored to the needs of businesses across various industries.
How can customers contact your company for support?,How can customers contact your company for support?
Does your company offer any discounts or promotions?,"Yes, we frequently run promotional campaigns and offer discounts on our products and services. Keep an eye on our website and social media channels for updates."
What sets your company apart from competitors?,"Our company distinguishes itself through a commitment to exceptional customer service, cutting-edge technology, and a relentless focus on delivering value to our clients."
Can you provide examples of successful projects your company has completed?," Certainly! Our portfolio includes a diverse range of successful projects spanning industries such as healthcare, finance, e-commerce, and more. Feel free to browse our website for case studies and testimonials."
Is your company environmentally conscious?,"Yes, sustainability is a core value of our company. We actively seek ways to minimize our environmental footprint through initiatives such as recycling programs, energy-efficient practices, and carbon offsetting."
How does your company ensure data security and privacy?,"Data security and privacy are paramount concerns for us. We employ industry-standard encryption protocols, conduct regular security audits, and adhere to strict privacy policies to safeguard our customers' data."
 Does your company offer opportunities for career advancement?," Absolutely! We believe in fostering a culture of continuous learning and growth. Employees have access to training programs, mentorship opportunities, and career development resources to support their professional advancement."
 Can your company customize solutions to fit specific business needs?,"Yes, we understand that every business is unique. Our team of experts works closely with clients to tailor solutions that address their specific challenges and objectives effectively."
What is your company's vision for the future?,"Our vision is to remain at the forefront of innovation, continually pushing the boundaries of what's possible with technology. We aspire to be the trusted partner of choice for businesses seeking transformative solutions to thrive in an ever-evolving digital landscape."
Is your IT firm experienced in handling large-scale projects?,"Yes, we have extensive experience in managing and executing large-scale IT projects across various industries."
What technologies does your IT firm specialize in?,"We specialize in a variety of technologies including but not limited to Java, Python, .NET, PHP, JavaScript, React, Angular, Node.js, AWS, Azure, and Google Cloud Platform."
Can your IT firm provide custom software solutions tailored to our specific business needs?,"Absolutely, we excel in delivering bespoke software solutions that cater to the unique requirements of each client."
Does your IT firm offer support and maintenance services post-project completion?,"Yes, we provide comprehensive support and maintenance services to ensure the smooth operation and continuous improvement of our solutions."
How does your IT firm ensure data security?,We follow industry best practices and employ robust cybersecurity measures to safeguard data integrity and protect against cyber threats.
What industries does your IT firm serve?,"We serve diverse industries including healthcare, finance, retail, education, manufacturing, and more."
Does your IT firm offer scalable cloud solutions?,"Yes, we provide scalable cloud solutions that enable businesses to optimize their infrastructure and achieve greater flexibility and efficiency."
Can your IT firm assist in digital transformation initiatives?,"Absolutely, we specialize in guiding businesses through digital transformation journeys, leveraging cutting-edge technologies to drive growth and innovation."
Does your IT firm have partnerships with leading technology providers?,"Yes, we have strategic partnerships with leading technology providers to ensure access to the latest tools and resources for our clients."
Can your IT firm provide references or case studies from previous projects?,"Yes, we can provide references and case studies that showcase our successful implementations and client satisfaction."
How does your IT firm handle project management and communication with clients?,We adopt agile project management methodologies and maintain regular communication channels to ensure transparency and alignment with client expectations.
Does your IT firm offer training and support for the solutions you implement?,"Yes, we provide training sessions and ongoing support to empower clients and ensure effective utilization of the solutions we deliver."
What is your approach to ensuring software quality and testing?,We adhere to rigorous quality assurance practices and conduct thorough testing at every stage of development to deliver reliable and high-performance software solutions.
Can your IT firm assist with legacy system modernization or migration to new platforms?,"Absolutely, we specialize in legacy system modernization and seamless migration to modern platforms to enhance scalability, efficiency, and security."
Does your IT firm comply with industry standards and regulations?,"Yes, we strictly adhere to industry standards and regulations relevant to our clients' sectors, ensuring compliance and data integrity."
How does your IT firm handle unexpected challenges or issues during project execution?,"We have a dedicated team of experts who proactively identify and resolve challenges, ensuring minimal disruption and timely project delivery."
Can your IT firm assist with integrating third-party applications or APIs?,"Yes, we have extensive experience in integrating third-party applications and APIs to enhance functionality and interoperability of our solutions."
What is your IT firm's approach to scalability and future-proofing solutions?,We design scalable architectures and future-proof solutions by leveraging cutting-edge technologies and anticipating future business needs and technological advancements.
Does your IT firm provide insights or recommendations for optimizing IT infrastructure costs?,"Yes, we offer strategic insights and recommendations to optimize IT infrastructure costs while maximizing performance and efficiency."
,
